{"cameraMode":{"drawMode":0,"name":"Shaded","section":"Shading Mode"},"sceneLighting":false,"audioPlay":false,"sceneViewState":{"showFog":true,"showMaterialUpdate":false,"showSkybox":false,"showFlares":true,"showImageEffects":true,"showParticleSystems":true},"in2DMode":false,"pivot":{"x":5.960464477539063e-8,"y":0.30000001192092898,"z":-1.1920928955078126e-7},"rotation":{"x":-0.025979015976190568,"y":0.9690649509429932,"z":-0.21599948406219483,"w":-0.1165536567568779},"size":3.5234360694885256,"orthographic":false}