{"cameraMode":{"drawMode":0,"name":"Shaded","section":"Shading Mode"},"sceneLighting":true,"audioPlay":false,"sceneViewState":{"showFog":true,"showMaterialUpdate":false,"showSkybox":true,"showFlares":true,"showImageEffects":true,"showParticleSystems":true},"in2DMode":false,"pivot":{"x":-9.944791793823243,"y":-17.659570693969728,"z":11.703079223632813},"rotation":{"x":0.2609178125858307,"y":-0.26091817021369936,"z":0.07347691059112549,"w":0.9265257716178894},"size":68.23502349853516,"orthographic":false}